{
  "modality_liklihoods": [
    -84486.565777030424,
    -44464.318414867943,
    -16883.344695935481
  ],
  "num_iteration": 100,
  "num_modalities": 3,
  "num_topics": 15,
  "total_liklihood": -145834.22888783386
}
